{"mocha":{
    "name": "Mocha",
    "emoji": "🌿",
    "order": 3,
    "dark": true,
    "colors": {
      "rosewater": {
        "name": "Rosewater",
        "order": 0,
        "hex": "#f5e0dc",
        "rgb": {
          "r": 245,
          "g": 224,
          "b": 220
        },
        "hsl": {
          "h": 9.599999999999968,
          "s": 0.555555555555556,
          "l": 0.911764705882353
        },
        "accent": true
      },
      "flamingo": {
        "name": "Flamingo",
        "order": 1,
        "hex": "#f2cdcd",
        "rgb": {
          "r": 242,
          "g": 205,
          "b": 205
        },
        "hsl": {
          "h": 0,
          "s": 0.587301587301587,
          "l": 0.8764705882352941
        },
        "accent": true
      },
      "pink": {
        "name": "Pink",
        "order": 2,
        "hex": "#f5c2e7",
        "rgb": {
          "r": 245,
          "g": 194,
          "b": 231
        },
        "hsl": {
          "h": 316.4705882352941,
          "s": 0.7183098591549301,
          "l": 0.8607843137254902
        },
        "accent": true
      },
      "mauve": {
        "name": "Mauve",
        "order": 3,
        "hex": "#cba6f7",
        "rgb": {
          "r": 203,
          "g": 166,
          "b": 247
        },
        "hsl": {
          "h": 267.4074074074074,
          "s": 0.8350515463917528,
          "l": 0.8098039215686275
        },
        "accent": true
      },
      "red": {
        "name": "Red",
        "order": 4,
        "hex": "#f38ba8",
        "rgb": {
          "r": 243,
          "g": 139,
          "b": 168
        },
        "hsl": {
          "h": 343.2692307692308,
          "s": 0.8124999999999998,
          "l": 0.7490196078431373
        },
        "accent": true
      },
      "maroon": {
        "name": "Maroon",
        "order": 5,
        "hex": "#eba0ac",
        "rgb": {
          "r": 235,
          "g": 160,
          "b": 172
        },
        "hsl": {
          "h": 350.4,
          "s": 0.6521739130434779,
          "l": 0.7745098039215685
        },
        "accent": true
      },
      "peach": {
        "name": "Peach",
        "order": 6,
        "hex": "#fab387",
        "rgb": {
          "r": 250,
          "g": 179,
          "b": 135
        },
        "hsl": {
          "h": 22.95652173913043,
          "s": 0.92,
          "l": 0.7549019607843137
        },
        "accent": true
      },
      "yellow": {
        "name": "Yellow",
        "order": 7,
        "hex": "#f9e2af",
        "rgb": {
          "r": 249,
          "g": 226,
          "b": 175
        },
        "hsl": {
          "h": 41.35135135135135,
          "s": 0.8604651162790699,
          "l": 0.8313725490196078
        },
        "accent": true
      },
      "green": {
        "name": "Green",
        "order": 8,
        "hex": "#a6e3a1",
        "rgb": {
          "r": 166,
          "g": 227,
          "b": 161
        },
        "hsl": {
          "h": 115.45454545454544,
          "s": 0.5409836065573769,
          "l": 0.7607843137254902
        },
        "accent": true
      },
      "teal": {
        "name": "Teal",
        "order": 9,
        "hex": "#94e2d5",
        "rgb": {
          "r": 148,
          "g": 226,
          "b": 213
        },
        "hsl": {
          "h": 170.00000000000003,
          "s": 0.5735294117647057,
          "l": 0.7333333333333334
        },
        "accent": true
      },
      "sky": {
        "name": "Sky",
        "order": 10,
        "hex": "#89dceb",
        "rgb": {
          "r": 137,
          "g": 220,
          "b": 235
        },
        "hsl": {
          "h": 189.18367346938774,
          "s": 0.7101449275362316,
          "l": 0.7294117647058823
        },
        "accent": true
      },
      "sapphire": {
        "name": "Sapphire",
        "order": 11,
        "hex": "#74c7ec",
        "rgb": {
          "r": 116,
          "g": 199,
          "b": 236
        },
        "hsl": {
          "h": 198.5,
          "s": 0.759493670886076,
          "l": 0.6901960784313725
        },
        "accent": true
      },
      "blue": {
        "name": "Blue",
        "order": 12,
        "hex": "#89b4fa",
        "rgb": {
          "r": 137,
          "g": 180,
          "b": 250
        },
        "hsl": {
          "h": 217.1681415929203,
          "s": 0.9186991869918699,
          "l": 0.7588235294117647
        },
        "accent": true
      },
      "lavender": {
        "name": "Lavender",
        "order": 13,
        "hex": "#b4befe",
        "rgb": {
          "r": 180,
          "g": 190,
          "b": 254
        },
        "hsl": {
          "h": 231.89189189189187,
          "s": 0.9736842105263159,
          "l": 0.8509803921568628
        },
        "accent": true
      },
      "text": {
        "name": "Text",
        "order": 14,
        "hex": "#cdd6f4",
        "rgb": {
          "r": 205,
          "g": 214,
          "b": 244
        },
        "hsl": {
          "h": 226.15384615384616,
          "s": 0.6393442622950825,
          "l": 0.8803921568627451
        },
        "accent": false
      },
      "subtext1": {
        "name": "Subtext 1",
        "order": 15,
        "hex": "#bac2de",
        "rgb": {
          "r": 186,
          "g": 194,
          "b": 222
        },
        "hsl": {
          "h": 226.66666666666669,
          "s": 0.35294117647058837,
          "l": 0.8
        },
        "accent": false
      },
      "subtext0": {
        "name": "Subtext 0",
        "order": 16,
        "hex": "#a6adc8",
        "rgb": {
          "r": 166,
          "g": 173,
          "b": 200
        },
        "hsl": {
          "h": 227.6470588235294,
          "s": 0.23611111111111102,
          "l": 0.7176470588235294
        },
        "accent": false
      },
      "overlay2": {
        "name": "Overlay 2",
        "order": 17,
        "hex": "#9399b2",
        "rgb": {
          "r": 147,
          "g": 153,
          "b": 178
        },
        "hsl": {
          "h": 228.38709677419354,
          "s": 0.16756756756756758,
          "l": 0.6372549019607843
        },
        "accent": false
      },
      "overlay1": {
        "name": "Overlay 1",
        "order": 18,
        "hex": "#7f849c",
        "rgb": {
          "r": 127,
          "g": 132,
          "b": 156
        },
        "hsl": {
          "h": 229.65517241379308,
          "s": 0.12775330396475776,
          "l": 0.5549019607843138
        },
        "accent": false
      },
      "overlay0": {
        "name": "Overlay 0",
        "order": 19,
        "hex": "#6c7086",
        "rgb": {
          "r": 108,
          "g": 112,
          "b": 134
        },
        "hsl": {
          "h": 230.7692307692308,
          "s": 0.10743801652892565,
          "l": 0.4745098039215686
        },
        "accent": false
      },
      "surface2": {
        "name": "Surface 2",
        "order": 20,
        "hex": "#585b70",
        "rgb": {
          "r": 88,
          "g": 91,
          "b": 112
        },
        "hsl": {
          "h": 232.5,
          "s": 0.12,
          "l": 0.39215686274509803
        },
        "accent": false
      },
      "surface1": {
        "name": "Surface 1",
        "order": 21,
        "hex": "#45475a",
        "rgb": {
          "r": 69,
          "g": 71,
          "b": 90
        },
        "hsl": {
          "h": 234.2857142857143,
          "s": 0.13207547169811326,
          "l": 0.31176470588235294
        },
        "accent": false
      },
      "surface0": {
        "name": "Surface 0",
        "order": 22,
        "hex": "#313244",
        "rgb": {
          "r": 49,
          "g": 50,
          "b": 68
        },
        "hsl": {
          "h": 236.84210526315792,
          "s": 0.16239316239316234,
          "l": 0.22941176470588237
        },
        "accent": false
      },
      "base": {
        "name": "Base",
        "order": 23,
        "hex": "#1e1e2e",
        "rgb": {
          "r": 30,